sponsorId,sponsorName,sponsorNick,sponsorShort,sponsorClaim,sponsorLogo,sponsorWeb,sponsorLegalName
18d7a954-153e-442b-a90a-45128ca6251c,Bauer Hockey Czech,Bauer,Bauer,,,www.bauer.cz,All sports s.r.o
3bdb669a-021c-45ba-86e2-d23b81dfba31,Kappa Czech republic,Kappa,Kappa,,,www.kappa.cz,All sports s.r.o
f3acc469-fe80-4706-96bd-22b17c33e89a,47,47,47,,,,All sports s.r.o
2cf13ce9-d4cf-42b6-aeb5-93a1445185e5,Blademaster,Blademaster,Blademaster,,,,All sports s.r.o
9c396cd3-15a6-4c80-9c2a-db3ed6577a32,CCM Czech republic,CCM,CCM,,,https://www.stridasport.cz/,STŘÍDA SPORT s.r.o.
69a695eb-ec6c-4ac5-b224-c9fc48ec86c9,GNB Chem,GNB,GNB Chem,,,http://www.gnbchem.cz/,"GNB chem, a.s."
86a8922b-1deb-4d19-bc40-e397f03054fa,Škoda Icerink,Icerink,Icerink,,,www.icerink.cz,Pexanova s.r.o.
bca80281-7e6a-4d0c-acc2-a818cd62bf4e,Prague Hockey Masters,PHM,PHM,,,www.phmcup.cz,Prague Hockey Masters z.s.